index,gold,pred,ROUGE-1_F1,ROUGE-2_F1,ROUGE-L_F1
0,भविष्यक गणनाः १०० वर्षक बाद मिथिलाक कि होयत,"मिथिलाक कि होयत देखू, आब अपना सभक बाल बच्चा विश्व परिवेश संग डेग बढा रहल अछि। आब ओ बाबा आदम वला कहावत जे फल्लाँ बाबा एतेक सिद्धयोगी रहथि कि ओ अपन इलाका सँ बाहर पैर तक नहि रखलाह... ई सब",0.125,0.087,0.125
1,"अपना केँ जराउ, पड़ोसी केँ बचाउ",‘मैथिली’ केर एक प्रसिद्ध कार्टून – मिथिलावासी अपन मूल्य केँ अवमूल्यन करैत अछि अछि अछिक कार्टूनक कार्टून मिथिला केर प्रसिद्ध कार्टून मैथिली कार्टून चलचित्र,0.0667,0.0,0.0667
2,"“प्रारम्भिक राजतंत्रः विदेह”   (मिथिलाक इतिहास, लेखकः डा. उपेन्द्र ठाकुर)",विदेह राजतंत्रः विदेह – डा. उपेन्द्र ठाकुर द्वारा रचित ग्रन्थ विदेहक सन्दर्भहरम्भिक राजतंत्र: विदेह-विदेह- विदेह सम्बन्धी इतिहास達॔प्राकृतिक राजतंत्रक विदेह,0.2143,0.0769,0.2143
3,"मिथिलाराज्य सँ पहिने आर्थिक उपेक्षा तुरन्त प्रभाव सँ दूर हो, डिवलपमेन्ट काउन्सिलक मांग तेज",ललित बाबू उपनाम सँ प्रसिद्ध नेता संजय झा संग भेंटघाँट करैत राज्य निर्माण मे अपन प्रक्रिया मे अछिताहिमे सहयोगक अपेक्षा रखलनि महासचिव राजेश झा॔हर युवा अभियानी लोकनिक ध्यानाकर्षण達,0.0476,0.0,0.0476
4,अहाँक याद बड तड़पाबैत रहैयऽ – मैथिली गजल,मन साँझे बिरहक गीत गाबैत रहैय !! आँखिक सोझाँ सँ हटैत नै चेहरा आँहाक ! सपना में आबि सदैब पिराबैत आैय गनि गनि संग संग संगी संग संगैत रह,0.0,0.0,0.0
5,पुरस्कृत मैथिली कथाः फूलमतिया,"पीताम्बरी देवी, कबीर चक, दरभंगा (दहेज मुक्त मिथिला समूह पर आयोजित लघुकथा प्रतियोगिता मे ई कथा तृतीय स्थान लेल पुरस्कृत कयल गेल अछि।) फूलमतिया बेचना भोलाबाबू के ओतय सबदिन हुनकर बेगारि खटलक। भोलाबाबू सब",0.1053,0.0,0.1053
6,पुर्वाञ्चल इंजीनियरिंग कैम्पस केर छात्र सभ केँ विदाई पर आयोजित समारोह,नेपाल तराई विद्यार्थी नवजागरण संघ धरान द्वारा पूर्वाञ्चल इंजीनियरिंग कैम्पस केर कोर्स पूरा कय घरमुंहाँ छात्र सभक लेल एक भव्य विदाई समारोहक आयोजन १७ जुलाई बुध दिन आयोजित कयल गेल छल। फेयरवेल प्रोग्राम २के७६ शीर्षक मे आयोजित एहि समारोह मे तराई मधे,0.2642,0.0784,0.2642
7,भारतक प्रधानमंत्री नरेन्द्र मोदी केँ रुसक सर्वोच्च राष्ट्रीय सम्मान,भारतीय प्रधानमंत्री नरेन्द्र मोदी केँ ओहि ठामक सर्वोच्च राष्ट्रीय सम्मान ‘ ‘ भारत-जापान केर युवराज द्वारा प्रदान達॔हर-दिवसीय समारोह मे मोदी जीक सर्वोच्च राजकीय सम्मान ‘भारतरत्न’達॔,0.4118,0.3125,0.4118
8,डा. लक्ष्मण झाक स्मरण मे,"मिथिला राज्य आन्दोलनक बीजि पुरुष, उद्भट विद्वान्, मैथिलीक डलबाह, भोर दुपहर साँझ राति आ विशेषतः एखनुका काल समय मे सदिखन स्मरणीय डा. लक्ष्मण झा केँ हुनक पुण्यतिथि पर कोटि कोटि नमन। अपन छात्र जीवनहि सँ अद्भुत",0.1463,0.0513,0.0976
9,मैथिली मे श्रीहनुमान चालीसा,हनुमान चालीसाः हनुमान चालीस एवं हनुमान चालीसेहरहरहर हरखित हनुमान चालीशा॔हरखूनी हनुमान चालीसी་達हरहरक कथाः रामकथाप्रतीकात्मक,0.0,0.0,0.0
10,सरदार पटेल या नरेन्द्र मोदीक खोज मिथिला लेल जरूरी (विमर्श),मिथिलाक आर्थिक विकास मे उद्यमशीलताक भूमिका – विद्वानक सहभागिता जरूरी॔प्रतीकात्मक विमर्शप्रतीक मैथिली मे उद्यमशीलता एवं उद्यमशीलता केर आवश्यक सन्दर्भ॔प्राकृतिक उद्यमशीलता पर,0.0,0.0,0.0
11,“भ्रुण हत्या महापाप अछि”,बेटी बैन कऽ अंश छि माँ – कामिनी मिश्रा कामिनी मिश्रकमिनी मिश्राक कविता कामिनी केर कथाक बोलचाल॔ बेटी बैन अइ धरती पर आबै कऽ हमरो अछि,0.0,0.0,0.0
12,मुम्बई मे होयत ‘बिजनेस कन्क्लेव २०२०’ – मैथिल समन्वय समिति मुम्बई केर अनुपम आयोजन,मुंबई मे रहनिहार मैथिल व्यक्ति आ किछु मैथिल संस्था सब एकमंच पर आबि किछु नया करैथ मुम्बई मे मैथिल समाज के उत्थान मे महत्वपूर्ण योगदान मुम्बई मे रोजगार के जोगार नासिक महाकुंभ २०१५ मे किछु मुंबईमे रहनि,0.1569,0.0408,0.1569
13,“गाम-घरक शोभाक प्रतीक – खरिहान”,"“मिथिला के गांव में खरिहान”हर गांव में मिथिलाक आभा झा॔॔हरहर गांव के गांव-गांव में रहल पशु मवेशी,खेती के औजार और काटल गेल फसल",0.0,0.0,0.0
14,अपन मिथिलाक सच्चा विभूति ‘गोपाल जी गोपाल’ – विद्याधनं सर्वधनं प्रधानम् केर आदर्श पुरूष,“गोपाल जी गोपाल” केर जन्मदिन पर प्रवीण शुभकामना मैथिली मिथिलाक महान व्यक्तित्व गोपाल गोपाल केर जन्मदिवस पर॔हर एक विशिष्ट व्यक्तित्व केर जन्म पर प्रवीण बधाई達་प्रतीकात्मक व्यक्तित्व,0.15,0.0,0.1
15,पटना मे वर्षाक जलजमाव सँ उत्पन्न बाढि सन स्थिति मे मानवीय सहायताक अपील,पटना मे बाढिक अवस्था आ स्वयंसेवी मार्फत सहयोग लेल अपील पटनाक बाढ़ आ जलजमावक कारण जनजीवन त्रस्त अछि मुम्बई मे बाढ़ आ भूस्खलन केँ बचाय लेल राहत कार्य मुम्बई-दिल्ली-कोलकाता,0.1905,0.05,0.1429
16,जानकी मन्दिर जनकपुर केँ विश्व सम्पदा सूची में सूचीबद्ध करबाक मांग कयलथि मधेशी आयोग प्रमुख,"जानकी मन्दिर कें विश्व सम्पदा सूचीमे सूचीकृत करबाक हेतु एवम् अन्य सांस्कृतिक स्थलसभक व्यवस्थापन करबाक मांग नेपाली आयोगक अध्यक्ष डा.विजयकुमार दत्त आजुक दिन संस्कृति, पर्यटन तथा नागरिक उड्डयन मन्त्री प्रेमक पत्र सौंपल गेल अछि",0.2449,0.1277,0.2449
17,ध्वस्त ताजमहलः विजेता चौधरीक टटका कथा,ताजमहल पर रहस्यमयी चञ्चलताक विम्ब लऽ कऽ घुमैत रहैत छथि ओ । किछ तऽ छैक हुनक आँखिमे जे हमरा हरदम आकर्षित करैत अछि । हुनक आंखि अभिव्यक्तिक सिम्बोलसन एकदम्म बाचाल छैक ।,0.0,0.0,0.0
18,ईश्वर – अनिवार्य आ ऐच्छिक – ईश्वरक यथार्थ परिचय करबैत ई गूढ तत्त्व समीक्षा,"‘सर्वेषामपि पूज्यानां पिता वन्द्यो महान गुरुः। पितुः शतगुणा माता गर्भधारणपोषणात्॥ विद्या मन्त्रप्रदः सत्यं मातुः परतरो गुरुः, नहि तस्मात्परः कोऽपि वन्द्यः पूज्यश्च वेदतः॥” – ब्रह्मवैवर्",0.0526,0.0,0.0526
19,"पद्म पुरस्कार मे मिथिलाक दुइ हस्ती, शारदा सिन्हाकेँ पद्मभूषण तथा मानस बिहारी वर्माकेँ पद्मश्री",मिथिलाक लोकमानस मे एहि ठामक दुइ दिग्गज व्यक्तित्वकेँ वर्ष २०१८ केर गणतंत्र दिवसक संध्यापर पद्म पुरस्कारक घोषणा मे नाम पड़ला सँ प्रसन्नताक वातावरण सोशल मीडिया मार्फत देखल जा रहल अछि। लोकगीत केर अपन विशिष्ट गायकी लेल मैथिली,0.1569,0.0,0.0784
20,मैथिली भाषाक पढौनी दिल्ली मे होयत – ताहि सँ ई लोकनि एतेक ईर्ष्या-डाह मे कियैक पड़ैत छथि,दिल्ली सरकार द्वारा मातृभाषा मे पढौनीक लेल दिल्ली सरकार सँ सावधान सन्दर्भ मुम्बई मे मैथिलीक बड़का कहबैका लोकनिक धियापुता गुमाने गुम्हरैत रहैत छथि॔प्रतीकात्मक लेख,0.1951,0.0,0.1951
21,मिथिलाक ओ बेटा जे पूरे देश मे अपन गायकी सँ नाम-प्रतिष्ठाक संग जीवन-अमृत पेलनि,मिथिलाक सुप्रसिद्ध गायक रामा मंडल केर जीवन गाथा॔हरहरहर मिथिला मे जन्म लेल गायक-गायक रामा केर जन्म達॔प्राकृतिक जीवनगाथा་,0.129,0.0,0.129
22,अन्तर्राष्ट्रीय विद्यापति महोत्सव २०१८ जोगबनीक आयोजन विभिन्न कार्यक्रम सँ,"मैथिली भाषाक मिठास मे सराबोर जोगबनी विराटनगर केर विशाल जनमानस – माला मिश्रा, जोग बजैत अछिहरहरहर मिथिलाक जन-जीवन मे मैथिलीक महत्व अछिक कथाहर",0.0,0.0,0.0
23,गौतम बाबूक शक्ति पूजा,मैथिली शक्ति पूजा – गौतम बाबू क शक्ति पूजाहर शक्ति पूजा केर महत्व॔हर दिन स्तुतिमहोक कथा達་ა चलचित्रहर शक्तिपूजा न मन्त्रं नो यन्त्र,0.2308,0.0833,0.2308
24,“पलायन- मिथिला सं मैथिल के”,“मिथिला सं पलायन के कारण” मिथिला क्षेत्र के पलायन के मुख्य कारण अछि॔॔प्राकृतिक आपदा के कारण मिथिलाक पलायनक कारण॔हर पलायन के कारणों पर विचार達॔,0.1379,0.0,0.069
25,"अपन खूबी आ टैलेन्ट सँ दर्शक केँ रिझाउ, दोसरक नकल सँ किछु नहि भेटतः डौली सरकार","भोर सिनेमा जे नेपाली भाषा मे बनल मैथिली कथानक पर आधारित सिनेमा अछि तेकर चर्चा खूब जोर सोर सँ चलि रहल अछि, बधाई मिथिलाक चर्चित अभिनेत्री सुश्री डौली सरकार केर॔हरहर फिल्म भोर केर सफलताक",0.12,0.0417,0.12
26,मानवीय एकजुटता केर मुख्य आधार आ मिथिला,"हम सब एक छी हम सब मुमुक्षु मानव जाति केर लोक केवल मानव छी, मानवता हमरा सभक एकमात्र धर्म अछि। सब एक्के स्कूल केर छात्र, एक्के पढ़ाई, आक्के शिक्षक, सभक लक्ष्य सेहो एक जे मानव रूप सफल जीवन जियैत अपन कर्तव्य पालन करै",0.04,0.0,0.04
27,डा. काञ्चीनाथ झा किरण केँ शब्द-श्रद्धाञ्जलि दैत ‘केके’ एवं ‘ईशनाथ’ – किरण पुण्यतिथि विशेष,डा. काञ्चीनाथ झा किरण केर पुण्यतिथि परकिरणक डीह धर्मपुर (उजान) मे“किरण मैथिली साहित्य शोध संस्थान”क तत्वावधानमे ‘किरण स्मृति समारोह’ केर आयोजन कयल गेल ।‘किरण पुरस्कार’ सँ सम्मानित कएल गेलाह मैथ,0.2273,0.1429,0.2273
28,एन्टा अमेरिका द्वारा सफल वेबिनार (पूर्ण प्रतिवेदन) – मैथिली केर वर्तमान अवस्था आ जनगणना-२०७८,एन्टा स्पोक्सपर्सन मोहनदेव साहु द्वारा मैथिली जनगणना २०७८ पर उत्कृष्ट विमर्श॔॔॔ॅॅॅयँ एन्टा द्वारा काल्हि २३ जनवरी २०२१ नेपालक समय रात्रि ८ बजे सँ ११ः३० बजे,0.1538,0.0,0.1538
29,छठम् मिथिला महोत्सव पर कुशु मिश्रा छात्रवृत्ति आ कवि गोष्ठीक आयोजन कानपुर मे,मिथिलांचल महासभा केर वार्षिक आयोजन ‘मिथिला महोत्सव’ कानपुर मे संपन्न॔ वॉयस आ कॉलम वॉयसेट्स पर चर्चा॔हरहर-सहज शुभकामना達॔,0.3333,0.0714,0.2
30,मिथिला मे उद्योग व्यवसायक शिथिलता पर अपन युवा विचार – सुधीर मिश्र,"मिथिला मे औद्योगिक वातावरण शिथिल कियैक अछि, आउ पढी सुधीर मिश्र केर विचारः मिथिलांचल सब दिन स साहित्य क गढ़ रहल हैं, मधुबनी पेंटिग विश्व भरि में फेमस अछि, पान, मखान आ माछ उत्पादक होय के बाबजूद व्यपार किया न बढ़ि",0.1509,0.0784,0.1509
31,"जानकी वाहिनी द्वारा गाम-गाम मे जनजागरण, १७ जून मैराथन दौड़ मे सहभागिता लेल अपील",जयन्तीपुर दाथ मे दहेज मुक्त मिथिला कुर्स केर आयोजन दहेज मुक्त भारत अभियान॔हरहरहर मिथिला मे दहेज-मुक्त मिथिला केर अभियानहरहरमौली मे मैराथन दौड़達,0.1667,0.0,0.1111
32,"साहित्य अकादमी २०१७ पुरस्कारक घोषणा, मैथिली लेल नचिकेता भेला पुरस्कृत",मैथिली साहित्य अकादमी द्वारा २४ भाषाक पुरस्कृत स्रष्टाक नाम घोषणाहर साहित्यकारक नाम पर मोहर॔प्रतीक चिन्ह चिन्ह सहित २४ भाषा पुरस्कार॔॔प्रतीकात्मक घोषणा達हर साहित्यकार,0.25,0.0667,0.1875
33,"पहिने बेटी बेचल जाइत छल, आब बेटा बेचल जाइत अछि – मिथिला समाज सँ गम्भीर सवाल","“माँ, एहि दीदी केर सासुर बड दूर”॔॔達हरहर माँ केँ हम सवाल पूछैत छलहुँ॔हर माँक सवाल達ა",0.0645,0.0,0.0645
34,महादेव केर पूजन लिंङ्गरूप मे कियैक – विस्तृत माहात्म्य,"शिव केर लिङ्ग एवं साकार विग्रह केर पूजाक रहस्य तथा महत्वक वर्णन स्रोतः शिवपुराण, विद्येश्वरसंहिता, अध्याय ३ सँ ८ केर संछिप्त सारांश आधारित (लेख निरन्तरता मे अछि) महादेव मात्र केर लिंग पूजन कियैक स्वाध्याय केर केन्द्र",0.2222,0.0,0.1778
35,“मिथिलाक भगवान”,हमर नैहर एक विशाल वट वृक्ष अछी हम दस भाई बहिन रहल अछि मुम्बई में छी त पाहुन सभ के अतिथि सत्कार करैत॔ मुम्बई मुम्बई मे मेँ नैहर में दस भाई-बहन अछिहर,0.0,0.0,0.0
36,लेखनी के धार प्रतियोगिता: पुरस्कृत रचना ‘बेटीके रूप’,मां के रूप में एली जानकी संग विदेह। बेटी के रूप धरि ममता बांटथि॔達་प्राकृतिक सुन्दरता सँ भरत जीवन॔प्राकृतिकता सकैत मैथिली,0.0714,0.0,0.0714
37,बुचीरानी (मैथिली कथा),"बुचीरानी – एक काल्पनिक कथा थिक, एकर सरोकार कोनो व्यक्ति विशेष सँ नहि अछि। लेकिन ई बहुतो लोकक विचार सँ मेल खायत आ हुनका बेजा लागि सकैत अछि। तेँ बेजा मानि ली से हमर मनसा एकदम नहि। लेकिन समाजक नजरि पर",0.0455,0.0,0.0455
38,मिथिला के भोर जरूर हेतय,अपनहि हाथ मे सब बात होइछ दिन बितैत जा रहल अछि। दिन दिन जिम्मेदारी बढ़ैत जेबाक फील (अनुभूति) सेहो भ’ रहल लागल अछि। उच्च रक्तचाप के स्वास्थ्य सम्बन्धी समस्याक अतिरिक्त चिन्ता आ तनाव केर कतिपय स्थिति नह,0.0476,0.0,0.0476
39,एतेक मे वर कि बरदो नहि भेटत आइ,दहेज के मूल अर्थ बिसैर हम मिथिलावासी बेटा केँ बरद महिस जेकाँ अपन दाम लगबैत छी। बेटा कें बाप बेचैय छथि आ बेटी केँ बाप खरीदैत छथि। ई घृणीत कार्य सब सँ बेसी हमर सबहक ब्राह्मण,0.0,0.0,0.0
40,मैथिली जिन्दाबाद न्यूज पोर्टल केर छः वर्ष पूरा,मैथिली जिन्दाबाद केर ६ वर्ष अप्रैल ११ – २०१५ केँ लोकार्पण कयल गेल मैथिलीक नागरिक संवाददाता व योगदानदाता आधारित एक संचार माध्यम “मैथिली जिन्दाबाद” – एखन सातम वर्ष मे छी हम सब। मैथिलि लेल अधिक सँ अधिक सामग्री (कन्टेन्ट्स) समेट,0.1667,0.0435,0.1667
41,बेटीक सुख लेल दुर्जन आ लोभी परिवार सँ सावधानी आवश्यक: सत्यकथाक समीपक नैतिक कथा,सरकारी नौकरी वला दूल्हा संग बेटीक विवाह (मैथिली कथा) मिथिलाक कहानी॔हरहर लड़कीक विवाहक महत्वप्राकृतिक महत्व॔हरकथाहर लड़की केर विवाहक महत्त्व,0.0606,0.0,0.0606
42,उगना विद्यापति (नाटक),मिथिलाक सुप्रसिद्ध सत्यकथा – लोकश्रुति मे जीवित – महाकवि विद्यापति एवं महादेव रूपी सेवक ‘उगना’ पर आधारित नाटक उगना विद्यापति (मूल लेखक – हिन्दी मे डा. गिरिजा किशोर झा तथा डा. ललन कुमार झा) अनुवाद – प्रवीण नारायण चौधरी अंक १ दृश्य,0.0889,0.0465,0.0889
43,रमेश बाबु – एक अरबपति नौआ,रमेश बेसीकाल केर जीवन संग संग एक सँ तुलना करबाक रहल छैक॔हर एक-दो दिन रहल रहल सकैत छी॔हर-एक-दो मिनटो मे करोड़पति बनि स,0.1379,0.0,0.1379
44,सीता (मैथिली कविता),मैथिली साहित्य सृजन – पल्लवी झा मिथिलेश्वर अप्पन खेत में हल के शिरा घुमाओल जहिना जनकनन्दिनी भेली अवतरित धरा के भीतर सँ हे बहिना धन्य भेल मिथिला के धरती जन जन गाबै ये बधैया अन धन सोनवा लुटबै,0.0,0.0,0.0
45,मिथिला मे औद्योगिक विकास आ रोजगारक अवसरः सरकारक नीति आ यथार्थता,मिथिला अर्थतंत्रः औद्योगिक विकास पर वैचारिक मंथन मिथिला-मिथिलाक विकास आ औद्योगिक विकास॔प्राकृतिक विकासः मिथिलाक औद्योगिक विकास एवं औद्योगिक विकास॔प्राकृतिक संसाधनक अभाव॔प्रथा,0.25,0.1333,0.25
46,घरक औजार भोथे नीक – रूबी झा रचित लघुकथा,“घरक औजार भोथे नीक” मिथिला लघुकथाहर कहानीहरहर घर पर लाल कुमैर के दोख॔हर कहानीकहरहरहर मिथिलांचल मे मिथिलाक रूबी,0.2222,0.08,0.2222
47,मैगी नुडल्स विवाद: वास्तविकता कि,"नेस्ले इन्डिया द्वारा निर्मित नुडल्स केर गुणस्तर जाँच मे फेल भेलाक कारण बहुत पैघ विवाद मे फँसल देखा रहल अछि। उपभोक्ता काफी ठकायल अनुभूति कय रहल लागल अछि, कारण आइ धरि विश्वास पर मैगी नुडल्स् केँ सबसँ अधिक",0.093,0.0,0.0465
48,"सी-टेट परीक्षा मे मैथिली भाषाक विकल्प नहि, बन्द हो ई उपेक्षा, जागथि मैथिलीभाषी","सी टेट परीक्षा मे मैथिली भाषाक विकल्प कियैक नहि? मैथिल जनता, विशेष रूप से युवा आ हमरा लोकनिक अभियान दहेज मुक्त मिथिला मे सहयोगीक भूमिका निर्वाह कयनिहार आ संगहि जनता दल युनाइटेड केर बिरौल अनुमंडल (दरभंगा) के",0.2,0.1667,0.2
49,मैथिल महापुरुषक परिचयः जननायक कर्पुरी ठाकुर ओ हुनक संघर्ष,कर्पूरी ठाकुर ओ हुनक संघर्ष जननायक कर्पुरी ठाकुर केर जीवनक पाथेय॔प्राकृतिक संघर्ष केर इतिहास達-प्राकृतिक जीवन संग संघर्ष་॔प्रतीकात्मक,0.4615,0.4167,0.3077
50,माछ सँ प्रेमक एक अनुपम कथा,“मिथिलांग आ माछ” मिथिलांग के सम्बन्ध मे रोचक प्रसंग॔ मुम्बईक मिथिलाक माछ – प्रवीण नारायण चौधरी शुभे हो शुभे – माछ सँ प्रेम फोटो साभारः सुधीर सहनी अपन मिथिलार विधान केँ,0.1081,0.0571,0.1081
51,हर सफल महिला के पाछाँ एक पुरुष के हाथ होइत अछि – प्रतिभा झाक लेख,"नारी शक्ति के महत्व पर लेख विराटनगर (बीए, प्रथम वर्ष) महिला शक्ति केर महत्वहर सफल महिला के पाछाँ एक पुरुष के हाथ होइत अछि॔हर सफल पुरुषक सम्मान के रक्षा हेतु अपन मस्तक के छि",0.4082,0.3404,0.3673
52,फ्रिज मे कि सब नहि रखबाक चाही,"फ्रिज मे कोन कोन सामान नहि रखबाक चाही गर्मी आ बर्खा के समय तैयार खाना जल्दी खराब भऽ जाइत छैक, हरियर तरकारी, फल, दूध, दही, आदि सेहो सामान्य तापक्रम मे जल्दी खराब हेबाक सम्भावना छैक। कोल्ड ड्रिंक, आइसक्री",0.2222,0.1395,0.2222
53,राष्ट्रीय महिला नाट्य उत्सवक दोसर भारतीय नोटबन्दीक झलक सहितक ३ गोट नाटकक प्रदर्शन,राष्ट्रीय महिला नाट्य उत्सवक दोसर दिन विराटनगर केर आरोहण गुरुकुल नाटक घर मे पुनः ३ अलग अलग रंगकर्मी समूह द्वारा ३ गोट एकल नाट्य प्रस्तुति कयल गेल अछि। आजुक पहिल नाटक ‘म रुपियाँ’ शिल्पी कला समूह काठमांडूक कलाकार बंसरी पाण्डे गाँधी द्वारा भारतीय नोट,0.2807,0.1818,0.2456
54,दहेज प्रथाक प्रश्रय सम्पन्न वर्ग द्वारा – देखादेखी सब वर्ग भेल रोगग्रस्त,दहेज प्रथाक बढावा देनिहार के? सच्चाई ई छैक जे दहेज प्रथा केर कारण अछि॔प्राकृतिक दहेज प्रथा पर प्रवीण नारायण चौधरी केर विचार॔हर समाज मे उच्च सम्भ्रान्त कहेनिहार आडंबरी लोकक,0.0976,0.0513,0.0976
55,“दहेज एक अभिशाप”,दहेज प्रथा के कारण सऽ दहेज लेल जाईत छैय छैयः ठाकुरो के सवाल॔प्राकृतिक दहेज प्रथा पर ठाकुरोऽ विचार॔हरहर परिवार मे दहेज प्रथा सऽ रहयय॔,0.0,0.0,0.0
56,अपन स्वार्थ सँ ऊपर उठिकय समाज लेल जिनाय सिखू,"जगजननी जगदम्बाक दरबार सँ शिक्षा प्रस्तुत तस्वीर भगवतीस्थान (दुर्गाजीक दरबार) कुर्सों नदियामीक थिकैक। भगवतीक दरबार हम अपन बाल्यकाल सँ बहुत नजदीक सँ देखैत आबि रहल छी, बहुत किछु सिखबाक आ बुझ",0.1,0.0,0.1
57,नव वर्ष २०१९ केर नव संकल्प – अष्टावक्र संहिता स्वाध्यायक सुन्दर विकल्प,‘अष्टावक्र संहिता’ केर स्वाध्याय नव वर्ष २०१९ मे॔प्रतीकात्मक लेख॔प्रतीक मैथिली नव वर्ष २०२०॔प्रारंभिक अध्याय – आत्मज्ञान केर संकल्प संग,0.4516,0.1379,0.3226
58,मिथिला मालाक मोती अछि बिखड़ल – आवश्यकता चुनबाक आ माला बनेबाक छैक,“मैथिली महायात्रा” केर जनक “श्री सुधीर कुमार ठाकुर” संग वर्चुअल भेंट मिथिलाक एक विशिष्ट व्यक्तित्व केर परिचय॔॔प्राकृतिक भेंट達 सङ्ग सङ्गतिपूर्ण होयत,0.0,0.0,0.0
59,"मैथिली पढौनीक विशुद्ध लाभ कम-साक्षरता दर व पिछड़ा जनसमुदाय केँ, तखन गलत राजनीति कियैक?",मैथिली भाषा केर मांग पर फेसबुक सँ धरातलीय विमर्शक सम्बन्ध मे आजुक टटका टटकी बहस भूमिका मैथिलीक भाषा केँ पूर्ण अधिकार मे पड़ैत अछि मातृभाषाक माध्यम सँ॔प्राथमिक शिक्षाक,0.0476,0.0,0.0476
60,बाबाधाम यात्राक इतिहास किछु खास प्रसंग सँ,दहेज मुक्त मिथिला केर नियम – फोटो सहित परिचय॔हर एकर औचित्य पर हम लिखैत आबि रहल छी लेख達達॔वार्ताजहाँ-जहाँ तक होयत होयत,0.0,0.0,0.0
61,अपन विशेष कला आ विद्या सँ दोसरहु केँ प्रशिक्षित करबाक अनुपम प्रयास,मिथिलाक जानकीस्वरूपा बेटी मंजूषा बहिन जेकाँ आगू आबथि – एक अपील दहेज मुक्त मिथिला समूह पर सक्रिय दाय माय केँ स्वरोजगार सँ सम्पन्न करबाक पुनीत उद्देश्य सँ ‘सिलाई कढाई’ सिखेबाक लेल सामाजिक अभियन्ता मंजूष,0.1304,0.0,0.087
62,नेपालक संस्था ‘भोर’ केँ भारत मे सम्मान,भोर संस्था द्वारा भोर संस्थाक संस्थापक संचालक राजकुमार महतो केँ ‘मिथिला सेवा सम्मान’ सँ विभूषित कयल गेलनि भोर संस्था केँ जानकीक चरण मे अर्पित करैत सम्पूर्ण मिथिला तथा नेपाल केँ समर्पित करबाक भावना,0.15,0.0,0.15
63,एक अवला नारी के सवालः मरल केँ आर कतेक मारब?,सामाजिक विमर्श – वन्दना चौधरी मरल के और कतेक मारब? मिथिला मे सामाजिक विमर्शहर घर-घर मे रहबाक चाही वन्दनार परिवारवाद॔हर परिवार-परिवार केँ सवाल,0.303,0.0645,0.1818
64,मानव जीवन आ चारि आश्रमः ज्ञान सँ भरल पठनीय आ मननीय आलेख,आश्रम चतुष्टयपर एक विहंगम दृष्टि – स्वामी श्रीविज्ञानानन्दजी सरस्वती केर चारि वर्ण आ चारि आश्रम केर सम्बन्ध मे विचारहर आश्रमक महत्वहर एक विहगम दृष्टि達॔प्र,0.1111,0.0588,0.1111
65,कृष्ण-कृष्ण – नाम आ कीर्तनक माहात्म्य (अनिवार्य पठनीय-मननीय),श्रीकृष्णनाम माहात्म्य – कृष्ण नाम माहात्म्यहर माहात्म्य達॔विभिन्न आध्यात्मिक विचारविश्लेषणविभिन्न कथाप्राकृतिक विचारत्पादक श्रीभगवान् विष्णु द्वारा ब्रह्माजी सँ,0.25,0.0,0.1667
66,“गणतन्त्र दिवस पर आभा झा जीकेँ लिखल देशभक्ति के भावनासँ ओत-प्रोत ई लेख”,26 जनवरी के महत्व पर आभा झा केर कविता॔हर दिन भारत के राष्ट्रीय पर्व अछि達॔प्रतीक दिवस पर गणतंत्र दिवस पर शुभकामना॔प्रतीक दिनाक महत्वनिधन,0.2778,0.1765,0.2222
67,सांझक भाभट,"मिथिलाक मिथिला नदी बहुत दिन बाद अयलहुँ अहाँ; बाट तकैत – बड्ड उदास फिरैत छल सूरज; चन्द्रमा गूम्मी लदने अबैत, गाछीक ओहि पार सँ; मद्धिम भेल जाइत रंग, संध्याक; शीघ्र",0.0,0.0,0.0
68,” पूस के खरमास कहबाक पाछू की कारण…”,"खरमासक विशेष महत्व – आभा झाहर वर्ष मार्गशीर्ष और पौष मासक बीच में खरमास लगैत अछि।सनातनी परंपरा में खर मास के खराब मास, शुभ काजक लेल अनुचित समय मानल जाइत छैक।",0.1026,0.0,0.0513
69,कुचिपुड़ी नृत्य लेल कीतिका झा केँ नागपुर मे बाल प्रतिभा सम्मान,कुचिपुड़ी नृत्य प्रदर्शन लेल कीतिका झा केँ नागपुर मे बाल नृत्य प्रतिभा सँ सम्मानित कयल गेलनि अछि। ११ जनवरी केँ नववर्ष केर उपलक्ष मे प्रतिभा नृत्य मंदिर द्वारा आयोजित शास्त्रीय नृत्य महोत्सव केर उदघाटन दिग्दर्शिका रत्नम जनार्दनन केर उपस्थिति मे भे,0.3846,0.28,0.3846
70,मिरानिसे बैठक मदनपट्टी स्कूल पर सम्पन्न भेल,"अंधराठाढ़ी प्रखंड अध्यक्ष विक्रम मंडल जी, उपाध्यक्ष द्वय सुजीत जी आ अनंत जी के जलसैन पंचायत में मिथिला राज्य निर्माण सेना के अध्यक्षक दायित्व प्रदान॔॔達॔་留",0.0,0.0,0.0
71,"विद्यापतिक कर्मभूमि देवकुली मे बनतनि महाकविक प्रतिमा, समिति गठन कयल गेल","देवकुली मे कवि कोकिल विद्यापति प्रतिमा अनावरण समिति केर भेल भेल आयोजनहरकवि कोकिल केर जन्म स्थल बिस्फी, कर्मस्थल बिस्फीराजपुरातत्व॔हरहरहर महादेव मंदिर प्रांगण मे मैथि",0.1714,0.0606,0.1714
72,कुर्सों दुर्गास्थान केर वर्णन आ अद्भुत श्रृंगारक वर्णन करैत एक भजन – नवरात्र विशेष समर्पण,"नवरात्र विशेष – कुरसों दुर्गास्थानक वर्णन पर आधारित एक भजन – प्रवीण नारायण चौधरी मैया के अद्भुत श्रृंगार, देखल हम कुरस में लागल छल भक्तक अम्बार, हमर गाम कुरसो में ब्रह्म मुहुर्तक भोरू पहर में पूजा करय सब भक्ति लहर में",0.25,0.1111,0.1429
73,प्रवीण डायरी – २०१२ – भाग ३,सौराठ सभा सऽ विवाह करब सब केर प्रति सम्मान होइत छी॔हर लड़कीवाला लड़काक विवाह होयब達॔हर एक समय छलैक जहिया सौराठी सभागाछी सऽ,0.0,0.0,0.0
74,"७ वर्ष बाद मात्र अंगीकृत नागरिकता देबाक बहुमत सँ निर्णय, कांग्रेस आर जसपा केर फरक मत",राज्य व्यवस्था समितिक बैठक प्रतिनिधिसभाक राज्य व्यवस्था तथा सुशासन समिति द्वारा नेपाली पुरुष सँ विवाह कयनिहाइर विदेशी महिला केँ ७ वर्ष स्थायी बसोबास कयलाक बादे टा अंगीकृत नागरिकता देबाक व्यवस्था सहितक नागरिकता विधेयक बहुमत सँ पास कयल गेल अछि । अनलाइनखबर,0.2456,0.1455,0.2456
75,मिथिला सनातन रहल आ रहत,मिथिलाक भौगोलिक पहिचान आ सामाजिक-सांस्कृतिक-सामाजिक-आर्थिक-सामाजिक परिप्रेक्ष्य मे मैथिली-मिथिलाक विशेष महत्व॔प्राकृतिक-सांस्कृतिक आ आध्यात्मिक-सांस्कृतिक महत्वक कथा達॔,0.1053,0.0,0.1053
76,प्रत्येक नारीक जीवन मे तीन चरण – जे बुझत से जियत जीवन,“नारी अहाँक रूप अनेक” मैथिली लेख विचार – ममता झा केर लेखवार्ताहर नारीक जीवन-शैली पर केन्द्रित लेख॔॔हर नारी-पुरुष एक-एक रूप होयत छैक,0.1176,0.0,0.0588
77,दहेज प्रथा : कारण आ निदान,"दहेज प्रथा सँ विकराल रुप धारण कऽ देने छथि,जेकरा रोकनाय जरूरी अछि॔हर लड़की के विवाह सँ दहेजक समस्या अछि॔हर दहेज प्रथा केर कारण達प्राकृतिक",0.1379,0.0741,0.1379
78,"राष्ट्रीय महिला नाट्य उत्सव २०७४ केर समापन, मुख्य अतिथि प्रदेश प्रमुख गोविन्द तुम्बाहाङ्ग","राष्ट्रीय महिला नाट्य उत्सव २०७४ केर तेसर आ आखिरी दिन पुनः ३ अलग अलग रंगकर्मी समूहक महिला कलाकार द्वारा ३ गोट नाटकक प्रस्तुति देखायल गेल। आइ प्रस्तुत नाटक मे सबसँ पहिने सुशीला थापा, सांस्कृतिक संस्थान केर भव्य अभिनय मे ‘देउकासी’क प्रस्तुति",0.2222,0.1923,0.2222
79,बसन्त थिक लोकदेवता ‍- सत्यकथा,बसन्त थिक लोकदेवता – प्रवीण नारायण चौधरी केर जीवनचर्या आ कर्मठता॔॔प्राकृतिक जीवनक कथा॔प्राकृतिक लोकदेवतियाँहरहर कथा॔प्र,0.3,0.2222,0.3
80,भगवान् आ बच्चाक बीच समानता – मीमांसक पं. रुद्रधर झा केर अत्यन्त प्रेरणास्पद लेख,‘गूढ तत्त्व समीक्षा’ पंडित रुद्रधर झा केर एक मूल्यवान् लेख॔-‘गूढ तत्व समीक्षा’ महत्वपूर्ण पोथीहरहर-गजराज’हरहर मनुष्य केर स्वभाव बच्चा जेकाँ,0.1818,0.129,0.1818
81,अयाची फाउन्डेशन आनत आर्थिक क्रान्तिक संग जन-जन मे सबलता,उद्यमशीलता बढेबाक उपक्रम – अयाची फाउन्डेशनक प्रयास उत्तम अन्तर्राष्ट्रीय मिथिला महोत्सव केर उद्यमी शिखर सम्मेलन मे सहभागी अयाची फाउंडेशन केर संचालिका श्रीमती रंजना झा भारत हो वा नेपाल – दुनू पार मिथिलाक लोक मे बौद्धिक सामर्थ्य बड बेसी भेटैत अछि। आध्यात्मिक,0.08,0.0,0.08
82,मैथिली फिल्म केर स्टार चेहरा छथि अभिराज झा,"“सस्ता जिनगी महग सेनुर” मैथिली फिल्म केर सुवर्णमयी इतिहास मे एकटा अविस्मरणीय नाम अछिः अभिराज झाहर फिल्म केँ कथा-पटकथा, संवाद तथा संवादहरहरहरक कथा-क",0.2581,0.1379,0.2581
83,मैथिली सुन्दरकाण्डः लंकादहन,मैथिली सुन्दरकाण्डः श्री तुलसीदासजी रचित श्रीरामचरितमानस केर सुन्दरकाण्डक मैथिकली अनुवाद लंकादहन दोहा : कपि केर ममता पूँछ पर सबकेँ कही बुझाय। तेल बोरि पट बान्हिकय पावक दिहीन लगाय॥२४॥ भाव,0.1875,0.0667,0.1875
84,मैथिली ठाकुर केँ भेटल राष्ट्रीय पुरस्कार,लोकमत सुर ज्योत्स्ना राष्ट्रीय म्यूजिक अवार्ड सँ सम्मानित भेलिह मिथिला के धिया मैथिली ठाकुर कें ढ़ेर रास आशिर्वाद यशस्वी भव नेशनल म्यूजिक अवार्डस 2018 मुम्बई मे सम्पन्न भेल एहि राष्ट्रीय म्यूजिक,0.1622,0.0571,0.1622
85,सार्थक-सकारात्मक-सान्दर्भिक आलोचना – रंगकर्म ओ फिल्मक प्रसिद्ध सर्जक कुणाल केर शब्द मे,"गुण कीर्तन – एक हम जखन तखन मैथिल संस्था सभक अदखोइ बदखोइ करइत रहइ छी। से हमर दोसर मोन कहलक जे इ नीक बात नइ।गुण देखक चाही, अवगुण नइ...देखल त एह!बड़ बड़",0.0455,0.0,0.0455
86,"स्पाइसजेट दरभंगा स दिल्ली, मुम्बई, बेंगलुरु तक दैनिक उड़ान सेवा शुरू कर लेल जा रहल अछि।","स्पाइसजेट दरभंगा स दिल्ली, मुंबई, और बेंगलुरू स जोड़इ वाला दैनिक उड़ान सेवा के बारेमे घोषणा क देने अछि। दरभंग-मिथिला-दिल्ली के बीच उड़ान सेवा शुरू कयय गेल अछि उड़ान २ अंतर्गत चुनल गेल छल और विमानन मंत्रालय के क्षेत्रीय कनेक्टि",0.2857,0.1481,0.25
87,“जानकी : आदर्श नारी”,सीता-मिथिलाक नरेश जनक के महल में पलल बढ़ल माता जानकी के चरित्र॔॔हरहरहर सीता संग वनवासक प्रसंग達་॔हरहर भाग-२ა,0.0,0.0,0.0
88,कोरोना – एक संवेदना सँ भरल चिट्ठी,कोरोना वायरस संक्रमण – मासुम लोक आ जानवर लेल आफदक समय मानवीय गुण मे करुणा केँ अनमोल कहल गेल अछि। एक पत्र जे हमर प्रिय सारि ( ) लिखलनि अछि कोरोनाक सन्दर्भ काल्हिक किछु लेख विचार सुनि बुझिकय.... ई अत्यन्त हृदयस्पर्शी लागल। कोरोना,0.12,0.0,0.12
89,अखिल भारतीय विद्यार्थी परिषद द्वारा सेल्फी विथ कैंपस के आयोजन,“सेल्फी विथ कैम्पस राष्ट्रीय कार्यक्रम” झंझारपुर आ पार्वती लक्ष्मी महिला महाविद्यालय के प्रांगण में मनाओल गेल केजरिवाल उच्च विद्यालयक छात्र-छात्राओं के राष्ट्रीय कार्यक्रम सङ्ग सङ्गम मैथिली भाषाक राष्ट्रीय कार्यक्रमक,0.1026,0.0,0.1026
90,मनक गति सँ जीवनक गति – महत्वपूर्ण दर्शन,"एक सहज और महत्वपूर्ण दर्शन – एक सहज लेकिन महत्वपूर्ण दर्शन जबानीक जोश जखन माथ पर सवार रहैछ त लोक केवल इन्द्रिय केर विषय भोग मे रमण करैत अछि। पुनः भोगक विन्यास सँ जखन जीवन यात्रा प्रभावित होबय लगैत छैक, यानि",0.1633,0.0426,0.1224
91,प्राकृतिक सुन्दरताक संरक्षण मानवोचित कर्म – कस्मेटिक सुन्दरता सँ बचू,"सुन्दरता के महत्व पर प्रवीण नारायण चौधरी केर विचार सुन्दरता पर लेख॔प्राकृतिक सुन्दरता को सुन्दरता कहाइत छैक達॔हर सुन्दरता – कोनो वस्तु, व्यक्ति या स्थान जे आकर्षक लाग",0.1081,0.0,0.0541
92,नेनपन मे टायर गाडी के रोमाचकारी यात्रा,बचपन आ टायरगाड़ीक यात्रा – वाणी भरद्वाज बात तहिया के अछि जहिया हमर उमर सात वा आठ बरष रहल होयत. दादी गाम हमर नवानी अछि. पीसी के बौआ भेल छलैन्ह. बच्चा के सेहंता मे जबरदस्ती दादी लग रूकि,0.1333,0.0,0.0444
93,“दहेज के विकराल रूप : सत्य घटना पर आधारित”,प्रिया के विवाह भेल रहल छी दहेज रूपी अग्नि प्रिया के भेंट॔達ა॔हरहर सँ सँ प्रियाक विवाह सँ रहल छैल छी་प्राकृतिक विवाह स,0.0645,0.0,0.0645
94,मैथिली सुन्दरकाण्डः लंका जरेलाक बाद हनुमान्‌जी केर सीताजी सँ विदाई माँगब आ चूड़ामणि पायब,मैथिली सुन्दरकाण्डः श्री तुलसीदासजी रचित श्रीरामचरितमानस केर सुन्दरकाण्डक मैथिल अनुवाद लंका जरेलाक बाद हनुमान्जी सँ विदाई माँगब और चूड़ामणि पायब दोहा : पूँछ मिझाय विश्राम कय धय छोट रूप,0.5116,0.2927,0.4651
95,कठोर निर्णय आ संकल्प मात्र लोक केँ महान बनबैत छैक (नैतिक कथा),सफल आ महान व्यक्ति सोहनक कथाः धियापुताक सँ पाँच गो लाय (मुरहीक लाय) रोचक एवं रोचकप्राकृतिक कथा धियापूताक जीवनक कथा॔हर युवा पीढ़ीक जीवन मे सफल आ सफल,0.1026,0.0,0.1026
96,सुन्दरकाण्ड (तुलसीकृत् रामचरितमानस केर मैथिली स्वरूप),"जनकात्मजा रामभार्या जानकी केर परम अनुकम्पा, श्रीहनुमानजीक अद्भुत कृपा आ मैथिली साहित्यक प्रसिद्ध लेखक रमेश केर प्रेरणा सँ श्रीहनिमानचालीसाक अपार सफलताक बाद आब सुन्दरकाण्ड मे सेहो हाथ लगेलहुँ। सम्बल",0.1714,0.0,0.1143
97,"दरभंगा मे सम्पन्न भेल कजरी महोत्सव, कजरी गीत-संगीत सँ वातावरण बनल सुरम्य",सद्भावना यात्रा समिति दरभंगाक तत्वावधान मे काल्हि ७ सितम्बर स्थानीय एमएमटीएम कालेज केर सभागार मे भव्य कजरी महोत्सव केर आयोजन कयल गेल गेल । एहि आयोजनक संयोजक आकाशवाणी दरभंगा केर अध्यक्ष डा. बैद्यनाथ चौधरी बैजू रहल अछि आ कजरी,0.1569,0.0,0.1176
98,गीत-संगीत सिखबाक सुअवसर – रेडियो नेपाल केर उपक्रम विराटनगर मे,"मैथिलीक लेजेन्ड सिंगर – सुपरिचित नाम ‘रामा मंडल’ विराटनगर केर लोक संग रेडियो नेपाल मे पदस्थापित रहि गीत संगीत आ राष्ट्रसेवा कय रहला अछि, ओ मैथिली जिन्दाबाद केँ शुभ समाचार दैत कहलथि, “आब रेडियो नेपाल विराट",0.2609,0.0455,0.1739
99,हास्य-प्रहसनः दहेजखौका भाईजी सब के समर्पित,"दहेजखौका भाईजी के समर्पित त भाईजी सब, की समाचार छै॔प्राकृतिक सुन्दरता पर चेतना झा केर लेख॔॔हर लड़की के नखरावाली पर हुकुम-ए-मौत",0.2963,0.16,0.2963
100,विपत्ति मे सबसँ पहिने पड़ोसिये काज अबैत छैक: सुषमा स्वराज,"नेपालक पुनर्निर्माण हेतु अन्तर्राष्ट्रीय समुदाय द्वारा कैल गेल सहयोग केँ व्यवस्थित रूप सँ पीड़ित पक्ष तक पहुँचायल जाय, नेपालक ध्वस्त आ भूकम्प सँ त्रस्त विभिन्न भौगोलिक विश्व धरोहर, सड़क, सरकारी मकान आदि केँ कोना फेर सँ निर्माण कैल जाय, विश्व बैंक द्वारा मान्य राशि तथा",0.0,0.0,0.0
101,"इस्लाम संगठन सहयोग केर ४६म बैसार, शान्ति लेल गैर-मुस्लिम राष्ट्र संग सहकार्य",संयुक्त राष्ट्र संघक ४६वाँ अधिवेशन आबुधाबी मे आरम्भ भेल अछि – भारत पाकिस्तान बीच युद्ध स्थिति तथा इस्लाम सहयोग संगठनक बैसार मे भारत केँ प्राथमिकता आजुक विशेष – ’ ( ) केर ४६वां अधिवेशन आबुधबी ( ) मे इस्लाम सहयोग केँ आ भारतक विदेश,0.1429,0.0,0.1071
102,मिथिला माध्यमिकी परिक्रमा भेल सुरु;आई कल्याणेश्वर पहुँचत,मिथिलाक महाकुम्भक रूपमें चिन्हल जाएवला मिथिला माध्यमिकी परिक्रमा सुरुवात काल्हि स’ भेलप्राकृतिक पर्यटन स्थल जनकपुरक अग्निकुण्डक परिक्रमा॔हरहर परिक्रमा कय औपचारिक सुरुवात達,0.2143,0.1538,0.2143
103,कुमारिल भट्ट केर डीह भट्टपुरा सँ मंडनक डीह महिषीधाम धरि रथयात्राक प्रस्ताव,मिथिलाक महान विभूति मंडन मिश्र केर डीह सहरसा मे सम्पन्न करबाक प्रयास॔प्राकृतिक धरा पर आयल छलाह मिथिला केर धरा पर達་॔ა,0.125,0.0667,0.125
104,कोरोनाक त्रास संग नेपाल-भारत सम्बन्ध बिगड़बाक भयावह त्रास,नेपाल मे भारत-चीन सम्बन्ध बिगड़बाक भयावह त्रासः नेपाल मे राजनीतिक उथल पुथल सेहो कय तरहक करोट फेरि रहल अछि। विश्व भरि मे कतेक ठाम आपसी प्रतिस्पर्धा आ द्वंद्व केर कारण विवादक माहौल बनल देखल जाइछ त कतेको,0.1333,0.093,0.1333
105,एहेन एलै रामराज बाजब गुनाह भेल – गुमनाम फरिश्ताक मैथिली गजल,“गुमनाम फरिश्ता” पवन झा ‘अग्निवाण’ मैथिली गजल मैथिल गजल मैथिल लोक-साहित्य में पवन झा केर ‘गुमनावाण’ मिथिला केर लोक-कथा,0.1333,0.0714,0.1333
106,लेखनी के धार प्रतियोगिता: पुरस्कृत लेख,समयानुसार परिवर्तन के साथ बदलत रहल छय समाज में बदलाव आ स्त्री-पुरुष संबंध में बदलाव जरूरी॔प्राकृतिक परिवर्तन के कारण समाज में परिवर्तन आ रहल अछि॔ पीढ़ी-दर-पीढ़ी परिवर्तन आैत अछि,0.0571,0.0,0.0571
107,भाषा-विमर्शः मैथिली सँ अलग हेबाक रवैया सम्बन्धित,मैथिल भाषा विमर्शः नुक्सान केकर हेतैक? मैथिली नहि थिक – काल्हिक लेख॔हर भाषा-साहित्य-संस्कृतिक महत्वप्राकृतिक भाषा विमर्श॔हर भाषा विमर्श,0.08,0.0,0.08
108,मैथिली सुन्दरकाण्ड – समुद्र पर श्री रामजीक क्रोध आर समुद्रक विनती – श्री राम गुणगानक महिमा,"मैथिली सुन्दरकाण्डः समुद्र पर श्री रामजी केर क्रोध और समुद्र केर विनती, श्री राम गुणगान केर महिमा दोहाहरहर तीन दिन बीत गेल मिथिला मे मैथिल सुन्दरकाण्ड॔प्राकृतिक सुन्दरकाण्ड",0.4186,0.1463,0.3721
109,"मातृभाषाक महत्व, चीन सँ सीख लेबाक चाहीः धर्मेन्द्र झा","नेपाल मे मैथिली आर बज्जिका बाजल जायवला – प्रदेशक राजनीति मे एक बेर फेरो तरंगित बनि गेल अछि ।तरंगित होयबाक बहुते विषय छैक । एहि विषय सभक बीच एक अछि, भाषाक विषय । प्रदेश नम्बर दुइ मे प्रदेशक भाषा कि होयत",0.0,0.0,0.0
110,आ नर्क बनि गेल स्वर्ग (उपदेशप्रद कथा),"एक सम्पन्न दम्पति केर पांच गो बेटा आ दुइ गो बेटी रहनि अछिहर सम्पन्न दम्पतिक पांच गो बेट आ दुइ पुत्र रहनि॔हर सम्पन्न परिवार मे पांचों के विवाह भ गेल रहय, बेटी दुनू कुमाइर रहथि",0.0952,0.0,0.0952
111,संगमरमरी काया आ उत्कृष्ट अभिनय केर मलिका: कावेरी झा,कावेरी केर मामागाम सहरसाः मैथिली अभिनेत्री फूलका सहरसा॔॔हरहरहर लड़की केर जीवन संग संग संग मैथिलक जीवन達॔हरलीन मिथिलाक सहर,0.1481,0.0,0.0741
112,विरार (मुंबई) महानगरपालिका चुनाव मे मैथिलानी उम्मीदवार,विरार महानगरपालिका मे स्थानीय प्रशासनक चुनाव १४ जुन केँ होयत मैथिल मतदाताक वोटक महत्वहर वार्ड संख्या २४ सँ मैथिलानी पुतुल केर उम्मीदवारी॔॔विरार महानगरपालिका केँ चुनाव १४,0.303,0.0,0.2424
113,“मिठगर बोली पान मखान : मिथिला के पहचान”,"पान के महत्व – पानक महत्व मिथिला मे पानक महत्त्व॔॔हर दिन मीठगर भाषा पान,मखान,यैह अछि मिथिला के पहचान॔हर दिन पानक उपयोग आवश्यक अछि",0.1935,0.069,0.1935
114,एक बात कही,कत्ते केँ थोबड़ा देखू जे टैग करय छी घड़ी घड़ी देखल सबटा रंग झूठे जपैत रहै छी हरि हरि!! काज बेर लुकान लेब आर घड़ी कते फोटो टांगी कहलो पर अन्ठेने भला बखानी कि कि करी भरी!! छोड़ू लटका,0.0,0.0,0.0
115,बेटी-पुतोहु केँ घरक काज केँ नित्यचर्या समान उत्साहपूर्वक करबाक चाही,बेटी पुतोहु केँ घरक काज करबाक लेल शिक्षित करब आवश्यक अपनेक पत्र達॔აहर मिथिलावासी केर विचार॔हर माँ-बाप केर सन्देश་,0.2857,0.1538,0.2857
116,खिस्सा गंगेश बाबूक बेटी प्रति भेद करयवला… आ परिणाम कि भेटलनि… रूबी झाक टटका लघुकथा,गंगेश बाबूक विभेदपूर्ण व्यवहारक बेटी के पीठ बहुत लोक बुझैत छथिहरजलथि वैह बुढ़ापा मे कय देलकनि परित्याग – कथा गंगेश बाबुक. मैथिली लघुकथाॅॅर,0.1579,0.0556,0.1579
117,“अनमोल मिथिला”,मिथिला मे अतिथि सत्कार अतिथि देवो भवः मतलब अतिथि भगवान कें रूप होइ छैथ हुनकर स्वागत॔ मिथिला में अतिथि सत्कार कें विशेष बेबस्था॔हर अतिथि कें सत्कार केर विशेष महत्व,0.0,0.0,0.0
118,मिथिला स्तुति – वृहद् विष्णुपुराण,मिथिला स्तुति मिथिलाक महिला लेल सीपमूलक तालिम प्रशिक्षणक आवश्यकता आइयो ओतबे जरुरी हे मिथिला – बेर बेर प्रणाम!! ईश्वर प्रति सम्पूर्ण आस्थावान् रहैत अपन जन्म एहि मिथिला नामक तीर्थभूमि – तंत्रभूमि सिद्धभूमि मे होयबाक लेल पुनः पुनः आभार प्रकट,0.1364,0.0476,0.1364
119,सावनक संस्मरण – दहेज मुक्त मिथिला पर आयोजित लेखनीक धार केर चयनित कथा “हमर मधुश्रावणी”,"दहेज मुक्त मिथिला पर आयोजित लेखनीक धार प्रतियोगिता लेल तेसर चयनित कथा हमर मधुश्रावणी – प्रियम्वदा कुमारी बात आय से पाँच बरख पहिने, 2015 के अछि। बियाहक बाद हम्मर पहिल सावन छल। मधुश्ावणी पूजय लेल हम",0.3922,0.2857,0.3529
120,"अगबे घोषणा नहि, धरातल पर काज सम्पन्न करबाक मंत्र सेहो सीखू","मैथिली भाषा, मिथिला संस्कृति, समाज या आर्थिक विकास सँ जुड़ल कइएक सरोकार पर, संचार या फिल्म संग कला सम्बन्धित विषय पर सेहो, कतेको तरहक घोषणा – हम ई करब, हम ओ करब, एना हेतैक, ओना हेतैत, .....",0.0833,0.0,0.0417
121,एक मिथिलानीक गंभीर अपील,"मिथिला मैथिली मे बहुत कियो लागल छी, किछु सार्थक काजो भ’ रहल अछि अछि मिथिला मे संसाधनक अभाव अछिहर राजनीतिक दल अथवा व्यक्तिक सहयोग जरूरीक अपीलक अपीलहर मिथिला",0.0,0.0,0.0
122,नारी,नारी के सम्मान के महत्व पर संस्कृत मे एकटा स्लोक अछि- नारी सम्मान॔हर नारी सम्मानक महत्व॔प्राकृतिक नारी सम्मान達॔प्राकृतिक संसाधन सँ बढत छैथप्र,0.087,0.0,0.087
123,"फेसबुक पर फेसक लफड़ा, बातक रगड़ा बातक झगड़ा",किछु विशेष बात करक छल सभक सिनेह केँ नसीब नहि होयत सहजहिहर सिनेजगत मे प्रेमक परिमाण कम होयत॔॔ॅ॔ॅॅलिवुड मे प्रेम केर,0.0,0.0,0.0
124,आकर्षक आ प्रभावशाली फेसबुक आईडी बनाकय ठगी धंधा – सावधान मिथिला,मिथिला मिथिला केर बेरोजगार युवक आ बेरोजगार युवक सब केँ फेसबुक आ मैसेंजर मार्फ़त भावनात्मक रूप सँ जोड़ि विभिन्न तरहक शोषण आ दोहन आदि करयवला लोक के सम्बन्ध में शिकायत भेटल अछि। कनाडा में रहि रहल अस्मिता चौधरी कहली जे आईएएस आ आईआईटी आई,0.1091,0.0,0.0727
125,"दरभंगा दहेज हत्याकाण्डः आरोपी द्वारा खून पचेबाक कुचक्री खेल, सरेआम विरोध जारी","दरभंगा दहेज हत्याकाण्ड – खून कय केँ खून पचेबाक सरेआम विरोध करू एतेक दिन कतेको बेर सुनी जे ‘दहेज लेल हत्या’ बेसीतर बहन्ना होएत छैक, यथार्थ किछु आरे कारण होएत अछिक.... लेकिन ‘रंजना हत्याकाण्ड",0.2609,0.1364,0.2609
126,शिव कृपा केर अद्भुत सत्य कथा – ईश्वर सत्ता आ चमत्कारक अनुपम दृष्टान्त,“स्वप्न मे देलनि महादेव किछु आदेश – जे साकार भेल’॔ वॉक-इन-इंटरव्यू वॉक इन-वन मैथिली आलेख॔प्रवासः शिवशंकर केर दर्शन,0.129,0.0,0.0645
127,बुराड़ी (दिल्ली) मे सम्पन्न विद्यापति स्मृति पर्व समारोह: एक समीक्षा,"विश्वस्तरीय विद्यापति स्मृति समारोह, बुराड़ी (दिल्ली), अत्याधुनिक शैली मे चकाचक लाइट्स आ विशाल पंडाल मे वीआईपी, वीवीआईपी, अतिथि, दर्शक आदि लेल निर्धारित स्थान – सबटा खचाखच पैक! उद्घोषण मे स्वयं मंचक आभूषण आदरणीय कमलाकान्त झा,",0.1778,0.0465,0.0889
128,आइ सँ शुरू भेल मैथिली कार्यक्रम ‘फुलडाली’ नागरिक एफएम विराटनगर सँ,विराटनगर आ पुबरिया पारक मिथिलाक्षेत्र (नेपाल आ भारत दुनू दिश) लेल खुशखबरी नागरिक एफएम पर प्रत्येक शनि दिन सन्ध्याकाल ५ बजे सँ ६ बजे मैथिली कार्यक्रम ‘फुलडाली’ शुरू भेल अछि। आइ फागुन १ गते आ शनि,0.4255,0.1778,0.1702
129,आकाशवाणी मधुबनी वास्ते शिष्टमंडल करत जिलाधिकारी शीर्षत अशोक कपिल सँ भेंट,मधुबनी सँ आकाशवाणी केर पुनर्निरीक्षण केँ मिथिला विकास परिषद् कोलकाताक आजीवन अध्यक्ष माननीय अशोक आजादक नेतृत्व मे एकटा शिष्टमंडल भेंट करैत मिथिलांचल उद्योग वाणिज्य संघक अध्यक्ष श्री शीर्षत कपिल अशोक झाक खबैर,0.3721,0.0,0.186
130,कृष्ण,"दहेज मुक्त मिथिला निस्क्रिप्टनी केँ धारमे शि बचकृकृष्ण लीलाबी गोबिंद हरे गोपाल हरे, तोर रूप अनेक तू वनहि रे। राम कहे कृष्ण कृष्ण कहे क्यो श्याम कहे घनश्याम कहे हे मुरली मनोहर मधुसूदन हे यदुनन्दन,। देवकीनंदन अहाँ दूध पीबि पुत",0.0488,0.0,0.0488
131,संस्कृत नीति श्लोक भाग १ – अर्थ सहित – अत्यन्त पठनीय आ मननीय,संस्कृत पाठ सँ बहुत रास जीवनोपयोगी नैतिक शिक्षा भेटैत अछिप्राकृतिक शिक्षाक महत्व पर प्रवीण नारायण चौधरी केर कविता॔॔॔ॅॅॅ संस्कृत भाषा-साहित्यक महत्वप्रासंगिक,0.0588,0.0,0.0588
132,मिथिलाक मूल्यवान् धरोहरः भैरवस्थान – भैरव बाबाक स्थापनाक कथा सहित,“भैरव बाबा” मिथिला के धरोहर परिचय॔हरहरहर महादेव के महिमा सँ हमर परिचित॔་達 सङ्ग सङ्गम मैथिली धरोहरों के इतिहास,0.0,0.0,0.0
133,मैथिलीक चर्चित युवा कवि प्रणव नार्मदेय केर दुखद निधन पर प्रवीण श्रद्धाञ्जलि सुमन अर्पित,मैथिली साहित्यकार प्रणव नार्मदेय केर निधन सँ काशी मे शोक सभा॔ वॉयस-मैथिलीक अपडेट॔हर खबर॔हर हँसैत रहैत छलाह मैथि,0.25,0.1333,0.25
134,परदेश नहि जेता त ब्याहो पर आफद – सन्दर्भ मिथिला सँ पलायन पर युवा विचार,युवा विचार – सागर झा केर युवा विचार युवा विचारहर युवा केर जीवन पर लेखनीक प्रवाह॔हर युवा सोच-विचार॔जहाँ युवा लेख達॔प्राकृतिक संसाधन,0.2222,0.0588,0.1667
135,"“किताबी ज्ञान साक्षर बना सकैयै, शिक्षित नै”",आधुनिक शिक्षा के प्रभाव और दुष्प्रभाव – शिक्षाक महत्वप्राकृतिक शिक्षा के दुष्प्रभाव॔प्रौद्योगिक शिक्षा के महत्व達हरहर शिक्षाक प्रभाव॔प्रौद्घिवादक दौर मे,0.0,0.0,0.0
136,चुनावी मचान पर मिथिला,"साँझुक पहर रिफ्यूजी कालोनीक सुरेन्द्रक चाह दोकान पर छी, चाह त एखने अरविन्द जीक आफिसमे पीने छलहुँ, पसेना सँ लथपथ होइतो सुरेन्द्रक दोकान पर एहि लेल आयल छी जे एतय विभिन्न राजनीतिक कार्यकर्ता सभक जमावड़ा अछि आ सहर",0.0476,0.0,0.0476
137,"अखिल भारतीय मिथिला संघ मनौलक स्वर्ण जयन्ती समारोह, दिल्लीक तालकटोरा स्टेडियम फूल",राष्ट्रीय राजधानी दिल्लीक तालकटोरा स्टेडियम मे अखिल भारतीय मिथिला संघ२४ दिसंबर केँ अपन पचासम स्थापना दिवस पर‘स्वर्ण जयंती समारोह’ केर रूप मे मनेलक॔॔॔प्रतीक चिन्ह चिन्हित,0.3243,0.2286,0.1622
138,मिथिला चित्रकला संस्थान एवं मिथिला ललित संग्रहालय भवन केर सौराठ मे शिलान्यास आ कार्यारंभ,सौराठ गाम मे मिथिला चित्रकला संस्थान केर शिलान्यासः मुख्यमंत्री नीतीश कुमार॔हर-सहित मिथिला कला संस्कृति एवं युवा विभाग द्वारा मिथिला भवन निर्माण लेल शिलान्यास॔हरहरहरपुर-मिथिलाकला संस्थान,0.4737,0.1111,0.3158
139,नेपाल आ भारत मे मैथिली रंगकर्मक इतिहास बनेनिहार चतुर्भुज आशावादी केर समृति मधुबनी मे,मधुबनी मे चतुर्भुज आशावादीक स्मृति समारोह २७ मार्च केँ मनाया जा रहल अछि॔श्रीलंकाक राजधानी काठमांडू सँ मैथिली भाषा-साहित्य-संस्कृति-संस्कृतिक जनक जनक जनकपुर पहुँचि रहल सँ,0.2105,0.0556,0.1053
140,विडंबनाः बच्चा नहि बनल तैयो आफद आ बनि गेल तैयो आफद?,"मैथिली लघुकथा – रूबी झा केहेन जुग आबि गेलैक से नहि बुझाइत अछि, माय बाप केँ दोसरा सँ परिचय करबैय मे या माय बापक नाम सँ संतान केँ जे सब चिन्हैत छन्हि ताहि में बड लाज होइत छ",0.0408,0.0,0.0408
141,अर्थहीन यात्रा – मैथिली कथा,नेहा संगक मित्रता – नेहा केर जीवनक मर्मस्पर्शी कथा॔हर एक दिन नेहा संग संग रहैत छल छलः सुजीत कुमार झा達॔प्राकृतिक दुनिया मे नेहा संग मैथिली कविता,0.129,0.0,0.129
142,राम सोगारथ यादव केर ५ गोट मैथिली काव्य रचना,नेपाल मे मैथिली लेखन मे युवा तुर केर कवि सब काफी अग्रसर छथिहर युवा तुरक कविताक माध्यम सँ कि सन्देश सम्प्रेषित करय चाहैत छी॔हर युवा-कविता-साहित्यक केन्द्र विराट,0.1111,0.0,0.0556
143,पितर लेल ‘मृत्युभोज’ करू नहि करू ‘श्राद्ध’ अवश्य करू,"पितर लेल ‘मृत्युभोज’ करू नहि करू ‘श्राद्ध’ अवश्य करू (सन्दर्भः एखन अनिल चौधरी जी संग चर्चा चलि रहल छल, हुनका हिसाबे कर्मकाण्डीय पद्धति मे श्राद्ध आदि पर रोक लाग तय तय तयक चाही, १३ दिन मे पाक हेबाक नीति परिवर्तन",0.3673,0.3404,0.3673
144,"जीबिते नीक, काज करिते!",दौगल एलीह रिमिल आंगन मे माय लग – “जानय छियैक मा जीवित मनुक्ख रहय अछि धरती पर मुर्दा जाय छथि परलोक – गोलोक – शिवलोक – ब्रह्मलोक....” बजने जायत छलीह दिन,0.0,0.0,0.0
145,"काठमांडू मे मैथिली मचान, भव्य शुरुआत",नेपालक राजधानी काठमांडूक २२म अन्तर्राष्ट्रीय पुस्तक मेला मे ‘मैथिली मचान’ केर भव्य सफलता-मैथिल मचान-मिथिलाक भव्यता भृकुटि मण्डप केर बीबी २८ नंबर स्टाल पर भ,0.1333,0.0,0.1333
146,टाइम पास मिथिला: एम्हरो एक नजरि देल जाउ,"आधुनिक विज्ञानक युग – टेलिविजन आ मोबाइलक युग इन्टरनेट सँ जुड़ल युग – हाथे हाथ मे फेसबुकक युग सौ मे सँ ९५ यूजर टाइम पास मिथिला – ५ गो टा काजक मिथिला!! आउ, एम्हरो एक नजरि देल जाउ!! ब्रज भूषण बाबु एखन",0.24,0.1667,0.24
147,“अतिथि सत्कार”,अतिथीसत्कार अतिथी त ओ भेलथि जिनकर अयबाक सूचना नहि होय॔॔हर अतिथीक स्वागतक अवसर पर अतिथीसत्त्कार अतिथीक सूचना॔॔達་प्र,0.0,0.0,0.0
148,मिथिला मे लोकदेवक उत्पत्ति गाथा,मिथिला मे लोकदेवक उत्पत्ति – लोकदेवता सँ पूजा वन्दना सेहो कयल जाइत छन्हिप्राकृतिक लोकदेवत: लोकदेवताक उत्पत्ति एवं लोक-संस्कृति॔हरकथाप्रथा,0.3478,0.2857,0.3478
149,फेस्टिवल अफ इंडिया इन नेपालः आइ १८ मार्च नेपाल प्रज्ञा प्रतिष्ठान मे मैथिली गीत-नृत्यक प्रस्तुति,‘फेस्टिवल अफ इंडिया इन नेपाल’ कार्यक्रम अंतर्गत नेपाल मे भारतीय राजदूतावास एवं संस्कृति मंत्रालय भारत केर संयुक्त तत्त्वावधान मे विभिन्न आयोजन सब कयल जा रहल अछि। आइ १८ मार्च केँ काठमांडूक कमलादि स्थित नेपाल प्रज्ञा प्रतिष्ठान मे मैथिली गीत नृत्य केर प्रस्तुति,0.4211,0.2909,0.4211
150,बुरबक बेटा टक्के काबिल – पवन कुमार झा ‘अग्निबाण’ केर प्रखर विचार पर प्रतिविचार,मैथिल आ मिथिला के अवनति पर पवन कुमार झा केर विचार॔॔प्राकृतिक संसाधन स सँ बचा रहल छै छै॔॔प्राकृतिक सम्पदा सँ भरल मैथिल समाज मे,0.2632,0.1111,0.2105
151,मिथिलावादी राजनीति मात्र भ्रम आ कुप्रचार केँ ध्वस्त कय सकत,मिथिला लेल राजनीति – विभिन्न प्रकारक भ्रम सँ ऊबारक एकमात्र अन्तिम विकल्प आदर्शक बात मिथिला मात्र कय सकैत अछि समाजवादक काज मिथिला केँ राजनीतिक शक्ति द्वारा भ्रम पसारिकय ‘कनही गाय के अलगे बथान’ वाली स्थिति बना देल गेल,0.2083,0.0,0.125
152,मिथिला राज्यः भविष्यक योजना आ संगठनात्मक प्रयत्न,"मिथिला राज्य, मैथिली भाषा और संस्कृति केर आवश्यकता पर योजनापूर्वक संगठनात्मक प्रयत्न वॉट्सअप मैसेज सब चेक करयकाल मे सर्वप्रथम एहि पर नजरि पड़ल – मिथिला-मिथिलाक वर्तमान स्थिति पर विमर्श होयबाक चाही छी",0.1538,0.0541,0.1538
153,खापरि मे जाइत भुजै छेलौं – वंदना चौधरी लिखित एक अत्यन्त मर्मस्पर्शी कथा,मनीषा के विवाह के बारे में एक लघुकथाहर घर के काज राज में सेहो दक्ष। एकटा मध्यम वर्गीय ब्राह्मण परिवार में हुनकर जन्म भेल छेलहनि। हुनक पिता एक कट्टर ब्राह्मण छेलाहा।मनीषा के अपन,0.0435,0.0,0.0435
154,मिथिला समाज मे लैंगिक विभेदक निन्दनीय अवस्थाः कि एखनहुँ बदलि सकल अछि समाज?,"“बेटी बोझ होई छै”, “बेटी के बोझ हटाउ, बेटी जातेक जल्दी अपन घर चलि जाय ओतबे नीक” श्वेता चौधरी केर विचारहरहरहर “बेटी-बेटी”達॔प्रतीकात्मक",0.0,0.0,0.0
155,"दीना-भदरी पर बनत मैथिली फिल्म, पटकथा लेखक सम्पर्क करथि",दीना भदरी – दुनू भाइ जोरावर सिंह केर पैघ कथा॔॔達॔प्राकृतिक अत्याचारक विरुद्ध संघर्षक इतिहास་🍁აप्राकृतिक संघर्षक कथा,0.0,0.0,0.0
156,“मोन पड़ैये’ अपन खरिहान”,"बड्ड दिन पर गेलहुं गाम,सोचलहुं घूमब अपन खरिहान, ओ मोन परै छल अपन-िहान... गेलहुं गांव मे बरियाती के आवभगत होइत छल... गेलहुं गाथाक रेखा झाक",0.069,0.0,0.069
157,जनकपुर केर प्रसिद्ध होरी महोत्सव आ महामूर्ख सम्मेलन चैत ५ आ ६ गते जानकी मन्दिर प्रांगण मे,होरी महोत्सव आ महामूर्ख सम्मेलन केर आयोजन जनकपुर मे॔---वार्ता-वार्ताप्रतीक मैथिली-मिथिला रंगकर्मी महेन्द्र मलंगिया॔॔- होरी,0.4516,0.2759,0.3226
158,वोटक लेल किछो करबाउ!,वोटक लेल किछो करबाउ – चुनाव आयोगक वादा झडी सजबाउ – वोट खसबाउ नियम सजिला तेना बनाउ अपन भोगक भाग लगाउ राजनीतिक दलोंक मूडी चूल्ही मुँहमे अपन कूकर मौस पकाउ सचिव गुरु बैदो तरसाउ समाजमे,0.1538,0.1081,0.1538
159,भारतीय विज्ञान संस्थान द्वारा मैथिली सहित ९ भाषा मे एनएलपी प्रोजेक्ट पर कार्य भऽ रहल अछि,कृषि एवं वित्त क्षेत्र मे एनएलपी केर कार्य निरन्तरता मे अछि॔ वॉट्सऐप पर लेख शोध केर संग्रह॔हरहरहरमपुरमः मैथिली जिन्दाबाद॔प्राकृतिक संसाधन,0.2778,0.0588,0.1667
160,किछु महत्वपूर्ण मंत्र – जीवनोपयोगी साधना मंत्र जाप सँ सिद्धि लेल सर्वोपयोगी,विभिन्न शास्त्र आ धर्म आ धर्मों मे उपयोग मे रहल व्यवहारिक मंत्रक संकलन॔हरहरहर हरमन-हरमन-रघुनाथ स्तुति सरागिलोकदुर्लभं विरागिलोकपूजितं सुरासुरैर्न,0.0,0.0,0.0
161,युवा सहभागिता सँ समाजक प्रगति शीघ्र संभव,मैथिलीभाषी युवा शक्ति लेल शिक्षा आ प्रशिक्षणक पैघ आवश्यकता॔प्राकृतिक शिक्षा आ कौशल विकास पर युवा शक्ति सजग होइत छैक॔हर युवा शक्ति भविष्य थिकैक॔प्राकृतिक,0.0667,0.0,0.0667
162,मिथिला मे जलसंकट – विज्ञ विचार-२ – सरस्वती नदीक उदाहरण सँ सीख लेबाक आवश्यकता,सरस्वती नदीक लोप केर कारण: डा. लीना चौधरी केर दोसर लेखहरहर-मिथिला मे जलसंकट केर गम्भीर स्थिति पर निरन्तर लेख प्रकाशित करबाक क्रम जारी अछि। काल्हि एहि सन्दर्भ डा. लेना चौधरीक,0.1818,0.0952,0.0909
163,मैथिली जिन्दाबाद पर पाठकक संख्या १० हजार सँ टपल: विशेष धन्यवाद संपादकीय,"“मैथिली जिन्दाबाद” मैथिली जिन्दाबाद कार्यसमूह व समस्त शुभेच्छुगण! आइ, हमरा लोकनि १० हजार आगन्तुक पाठकक संख्या केँ टपि गेलहुँ – ई मात्र हमर लोकनिक द्वारा देल जा रहल गुणस्तरीय मैथिल जाहि सँ एहि",0.3111,0.1395,0.2222
164,मिथिला गान : किसलय कृष्ण,मिथिला गान जय तिरहुत विदेह नैमिकानन मिथिला॔हरहर मिथिलाक महिमा॔प्राकृतिक सौन्दर्य पर चाननिथिला॔हरहरहरम मिथिला達,0.2222,0.125,0.2222
165,राहुल सांकृत्यायनक ओ अविस्मरणीय योगदान,राहुल सांकृत्यायन केर एक महत्वपूर्ण अभिलेख (दस्तावेज) मैथिली जिन्दाबादहर महत्वपूर्ण अभिलेख – एकर पान्डुलिपि केँ पुनर्प्रकाशित करबाक मांग॔॔प्रतीकात्मक दस्तावेजप्रतीक,0.0833,0.0,0.0833
166,"भव्यता आ सफलता सँ सम्पन्न भेल भामती वाचस्पति स्मृति समारोह ठाढी मे, राजकीय उत्सव छल",भामती वाचस्पति मिश्र महोत्सव २०१९ केर आयोजन मधुबनी मे सम्पन्न भेल॔॔हरहरमे राजकीय महोत्सवक आयोजन काल्हि मंगल दिन ठाढी गामक फूलदेवी कुशेश्वर झा महाविद्यालय प्रांगण मे विभिन्न विद्वत् विमर्श,0.2326,0.0488,0.1395
167,"रन फोर दहेज मुक्त मिथिला १७ जून केँ, सहयोग लेल आगू एला समाजसेवी आ शिक्षाविद्","दहेज मुक्त मिथिलाक जनचेतना प्रसार कार्यक्रम अन्तर्गत चारिम बेर १७ जून केँ कुर्सों सँ जिला मुख्यालय धरिक लगभग ६० किलोमीटर केर दूरी मे मैराथन दौड़ लगेबाक वास्ते आइ एकटा बैसार कयल गेल जाहि मे आरके दीपक, रूबी दीपक, तुषार राय,",0.1455,0.0755,0.1455
168,अन्वीक्षण – एक मनन योग्य लेख,माघ मास के कृष्ण चतुर्दशी पर उपवास उपासना के महत्व॔हर दिन उपवास उपासना विशेष महत्त्व達აप्राकृतिक उपवासः अन्वीक्षण॔हर महीने के कृष्णपक्ष के कृष्ण चतुर्थी पर विशेष पूजन,0.0,0.0,0.0
169,“मिथिलाक सुप्रसिद्ध मधुश्रावणी पाबनि”,“मधुश्रावणी” मैथिली गीतः मधुश्राक विधिक प्रयोगहरहर मिथिलाक परम्परा॔हरहर केर कथाक कथाक कथा-मधुश्राकाक कथा,0.0,0.0,0.0
170,१७म् अन्तर्राष्ट्रीय मैथिली सम्मेलन विराटनगर मे होयत,विराटनगर मे होयवला अन्तर्राष्ट्रीय मैथिली सम्मेलन – विराटनगर आयोजन समितिक संयोजक प्रवीण नारायण चौधरी केलनि घोषणा मैथिलीक गौरवपूर्ण इतिहास पर चर्चा॔॔॔་達་,0.3571,0.2308,0.2857
171,मिथिला लेल राजनीति विषय पर हमर विचारः प्रेम विदेह ‘ललन’,प्रेम विदेहक राजनीतिक दल गठन सम्बन्धी विचार मैथिली भाषाक राजनीतिक दलों के संग संग संगसंग विचार॔हर राजनीतिक दल के रूप मे मिथिला-मिथिलाक राजनीतिक-सामाजिक-सांस्कृतिक-सामाजिक उत्थान आवश्यक॔,0.0571,0.0,0.0571
172,“सार्थक डेग”,अंजू झाः विनोद बाबू के लेखनी पर अंजू के सवालहर लड़की के विवाह लेल लड़का खोजय लगलाह॔हर लड़कीक विवाह जरूरी॔वार्ता達་प्राकृतिक विवाह के,0.0,0.0,0.0
173,सीतामढ़ी के पुपरी में सम्पन्न भेल मैथिली कवि गोष्ठी,मैथिलीक पाठशाला धरि पहुँचेबामे मैथिली कवि अरुण माया कयलनि आह्वान वॉयस-मैथिलीक आयोजन मैथिलि पर भव्य कवि सम्मेलन॔ वॉयसेनिटेशन॔ग,0.1481,0.08,0.1481
174,प्रवीणक डायरी २०१३ – भाग ३,मैथिली-मिथिलाक गतिविधि केँ सर्वाधिक उत्कर्ष पर पहुँचबाक वर्ष छल २०१३॔॔॔हर दिन-रात मैथिलीक गतिविधि केर महत्त्व पर पहुँचल छी達हर दिन पर मैथ,0.0,0.0,0.0
175,नव ‘सखी-बहिनपा’ समूह बनेबाक स्पष्टीकरण संग आगामी कार्ययोजना पर वाणी भारद्वाज,नव सखी बहिनपा केर स्थापनाकर्ता ‘वाणी भारद्वाज’ द्वारा फेसबुक लाइव पर विचारविमर्श॔हर सखी-सखी-बेटीक सम्बन्ध मे विचारविमर्श達॔गँँ विचार विमर्शहर,0.1379,0.0,0.1379
176,जनकपुर केर स्वागत गान मे सुनील मल्लिक त काठमांडू मे अभिनन्दन गान मे रामा मंडल,नेपाल मे प्रधानमंत्री नरेन्द्र मोदी केर आगमन पर जनकपुर मे स्वागत अभिनन्दन॔達॔॔हर-दिवस नेपाल केर नागरिक अभिनन्दन་აი་प्राकृतिक आपदा के,0.303,0.0,0.1212
177,कि आइ धरि हम मिथिलावासी चाकरी-चापलूसी रवैया सँ ऊपर उठि सकल छी?,‘द नार्दर्न बोर्डर’ मे अपन पोथीः भारतीय स्वतंत्रताक अगाध सेनानी डा. लक्ष्मण झा लिखने छथिः हम सब मिथिला मे सड़ल गलल लोक थिकहुँ। ई सड़न हमरा सभक अभावक जीवनस्तर तथा दुनू ब्रिटिश या काँग्रेस द्वारा अपनायल,0.0417,0.0,0.0417
178,"मिथिलाक पिछड़ापनक मुख्य कारण अशिक्षा, आ अशिक्षाक मुख्य कारण की?",मिथिलाक पिछड़ापनक मुख्य कारण अशिक्षा आ अशिक्षाक मूल कारण – सर्वेक्षण॔॔प्राकृतिक संसाधनक अभाव पर सर्वेक्षणहर सर्वेक्षण॔विभिन्न सर्वेक्षण – सर्वेक्षक प्रवीण नारायण चौधरी द्वारा फेसबुक,0.4118,0.25,0.4118
179,कोरोना – हमर विचार काव्य,"कोरोना – हमर विचार – एक पागल केँ बचाय के लेल एक सबकक कोरोना – कोरोना वायरस सऽ मिथिलावासी केर जीवन पर असर अम्बिका चौधरी अम्बिका चौधरी, बीए (जर्नलिज्म), सीएमएस, जैन युनिवर्सिटी, बंग",0.2105,0.1667,0.2105
180,"विद्वान् आ शोधकर्ताक खोज, एक आम अपील",मिथिलाक आर्थिक उपेक्षा आ लोकपलायन रोकबाक उपाय पर कार्यपत्र राखि विमर्श॔हर मैथिली भाषाक महत्व पर सेमिनार॔विखंडवाद आ आर्थिक पिछड़ापन केँ दूर करय लेल कार्यपत्र,0.0645,0.0,0.0645
181,मूर्ख मित्र सँ विद्वान् शत्रु नीक,मूर्ख मित्र खराब एकटा राजा बड़ा मोन सँ एकटा बानर पोसलथि। राजा आ बानर केँ बहुत प्रेम छल छल छलप्राकृतिक कथा पंचतंत्र॔प्राकृतिक सुन्दरता सँ बानर-पोसलथि,0.1935,0.069,0.1935
182,मिथिला ब्रान्ड एम्बेसडर: मैथिल युवा शक्ति,मिथिला युवा शक्ति – प्रवास पर बेसी प्रखर (किछु दिन पूर्व कोलकाता सँ प्रकाशित युवा शक्ति पर प्रकाशित कैल कैल कैल भेल छल) मैथिल युवा शक्ति द्वारा दिल्ली केन्द्र सँ युवा शक्ति केर कार्यप्रणाली पर लेख॔प्रतीकात्मक लेख,0.186,0.0976,0.186
183,जीवन लेल १२ उपयोगी मंत्र आ स्वच्छ रहबाक लेल दहेज प्रथाक उन्मूलन पर किछु विचार,"अपन कल्याण संग समाजक कल्याण लेल किछु महत्वपूर्ण उपाय बेटीक जन्म पर अपन मनन केर महत्व॔हरहर बेटीक विवाह पर नव नव सुख आ सम्पत्तिक संग होएत छैक, दहेजक लोभ मे आकंठ डूब",0.1702,0.0,0.0851
184,“जगदंबा घरमे दियरा बारि अयली हे”,"मिथिलाक प्रसिद्ध भगवती गीत – जगदम्बा घर में दियरा बारि अयली हे, जगतारिणी घर में केर पूजा करैत छैन्हहरहरहर मिथिला मे जगदम्बा केर दर्शन करैत छलीह॔प्र",0.1875,0.1333,0.1875
185,"चट मंगनी पट बियाह, झट झगड़ा फट तलाकः कियैक टूटि रहल अछि वैवाहिक सम्बन्ध तीव्रता सँ","कियैक टूटि रहल अछि पति पत्नी सम्बन्ध – केस स्टडी मैथिल ब्राह्मण समुदाय – प्रवीण नारायण चौधरी चट मंगनी पट बियाह, झट झगड़ा फट तलाक हमर पिता जे एक सत्यवादी आ अध्ययनशील चिन्तक वर्ग केर ओजस्वी व्यक्तित्व छलाह – हुनका कि",0.4211,0.3273,0.2456
186,गोपाल मोहन मिश्रक आधा दर्जन रचना,"किछु कविता – एक रहस्य जिबैत जिंदगी नै पता कखनि जुआ भै गेल, समझलहुं जेकरा आगि, एक फूंक में धुआँ भै गेल। सभ किछु लगा दांव पर सभ किछु गेलहुं हम हारि। मन रहल पाषाण सन, ठाढ़ बीच बाज़ारि। गलत कौन सन",0.0,0.0,0.0
187,महापुरुष लोकनिक महिमा आ हुनक सङ्ग केर फल,सत्सङ्ग और कुसङ्ग महापुरुष लोकनिक महिमा आ हुनक सङ्ग केर फल॔प्राकृतिक सत्सङ्गक महिमा एवं गुण-विशेषताओं पर प्रवीण नारायण चौधरी केर लेख達॔हरकथाॅ,0.4828,0.4444,0.4828
188,परोपकार सँ पैघ धर्म नहि – कम सँ कम एक कन्यादान मे सहयोगी जरूर बनू,परोपकार सँ पैघ – पैघ सँ अनमोल सेहो छैक॔हर जीवन मे पैघ केर महत्व達་॔हर जीव केँ प्रिय छैक नहि अनमोल छैक,0.3889,0.1176,0.3333
189,“मैथिलानी व्यक्तित्व विशेष”,अंजना झा वर्तमान पता फरीदाबाद (हरियाणा) नैहर हाबीभौआर सासुर पतोर अंजना झकझोर रहल अछि मिथिलाक ओ मिथिलानी छथि जे हमरा सबके हिनक व्यक्तित्व पर हर क्षण गर्वक अनुभूति रहल हिनकर स्कूली शिक्षा,0.0571,0.0,0.0571
190,होली,"गहोलीक नाम सुनितहि त मोन में एकटा अलगे तरंग संचारित भ जाइत अछि। ओना त भारतवर्ष में विभिन्न पर्व त्यौहार मनाओल जाइत आउत अछि, मुदा होलीक स्थान बुझु सर्वोपरि। ओने त सभ त्यौहार मनेबाक पाछाँ",0.0,0.0,0.0
191,भारतीय प्रधानमंत्री नरेन्द्र मोदी पर केन्द्रित एक महत्वपूर्ण सर्वेः साभार दैनिक भास्कर,मोदी सरकार सँ अहाँ कतेक सन्तुष्ट असन्तुष्ट छी – सर्वे केर कोपीहर युवा मोदी सरकार केर उपलब्धि पर असन्तुष्ट असन्तुष्ट छी॔་達हर युवा सर्वे॔प्रारंभिक सर्वे,0.1111,0.0,0.1111
192,मुसहर समुदायक छात्र-छात्रा केँ भोर संस्था द्वारा छात्रवृत्ति प्रदान जनकपुर मे,भोर संस्था द्वारा मुसहर समुदाय केँ सम्मान प्रदान कयल गेल अछि भोर संस्थाक राष्ट्रीय अध्यक्ष राजकुमार महतो द्वारा जारी एक प्रेस विज्ञप्ति अनुसार नेपालक देश भरि सँ १७२ गोटे एसईई २०७५ तथा ४८ गोटे १२वीं कक्षा मे उत्तीर्ण मुसहर विद्यार्थी केँ सन्मान कय गेल,0.2545,0.0755,0.1818
193,दहेज मुक्त मिथिला पूजा मिलन समारोह मधुबनीक सम्पूर्ण प्रतिवेदन (रिपोर्ट),मिथिला पूजा मिलन समारोह – कि सब उपलब्धि भेटल दहेज मुक्त मिथिला स्मारिका विमोचन समारोह達॔हर जिला मुख्यालय मधुबनी मे मिलन समारोह धूमधाम संग सम्पन्न भेल་ა सङ्ग सङ्गम सङ्ग,0.3158,0.2778,0.2632
194,सखी बहीनपा द्वारा काठमांडू आ जनकपुरमें भेल होरी कार्यक्रम,काठमांडू मे अखनि रंगोत्सव आ होरी मिलन समारोह धूमधाम संग सम्पन्न भेल अछि॔हर मिथिला मे अखनी रंगोत्सव धूमधाम संग संपन्न॔達॔वार्ताहरहरहरमे अख,0.2667,0.0,0.2
195,भारतीय राजनीति मे कर्नाटकक हाई वोल्टेज ड्रामा पर एक दृष्टि,कर्नाटक मे विधानसभा चुनाव आ विधानसभा चुनाव मे भाजपाक जीत सँ कांग्रेस मुक्त भारत बनेबाक सपना छल छल छल॔॔हर राज्यक मुख्यमंत्री केँ त्यागपत्र सौंपल मोदीजी達॔॔,0.0571,0.0,0.0571
196,उपनयन-जनेऊ केर महत्व आ मिथिलाक अनुपम संस्कार पद्धति,जनेऊ केर महत्व – उपनयन आ शुद्धताक संस्कार॔॔विभिन्न उपनयक महत्वजहाँ-कहाँ लेल अछिक महत्व॔विभिन्न अंग-प्रत्यंग-,0.2727,0.1,0.2727
197,समाजवादी विद्यार्थी यूनियनक चारिम अधिवेशन पूर्वाञ्चल इंजीनियरिंग कैम्पस मे सम्पन्न,चारिम अधिवेशन २०७८ केर नव आ ऐतिहासिक कार्यकारिणीक गठन एवं नव कार्यकारिणी गठन चारिम सम्मेलन॔॔प्राकृतिक कार्यकारिणी केर गठनॅॅॅलिम्पस केर उद्घाटन एवं नव-उदारीकरण,0.125,0.0667,0.125
198,“गामक दलान” :- कृष्ण कांत झा के नव रचना,गामक दलान – कृष्ण कांत झाहर गांवक दलन – कृष्णकांत झा॔हरहर दलान॔हरहरहर गांव के गांव में सुंदर गाम के दलान छल॔हर,0.2,0.0714,0.2
199,किछु तँ लोक सब कहतय – लोकक त काज छय कहनाय,लोक अहाँक बारे मे एक रोचक प्रसंग लोकक कथा लोकक अहाँक केर महत्व॔प्राकृतिक प्रसंगप्राकृतिक कथाहरकथा- लोक अहाक महत्वाकाक कथा॔वार्ता,0.1333,0.0,0.1333
200,आशीर्वाद किनका-किनका सँ लेबाक चाही,हरिहर काका आ आशीर्वादक महत्व आइ बेटी भावनाक जन्मदिन पर किछु विशेष बात॔॔प्रतीकात्मक लेखप्रतीक आशीर्वाद॔ॅॅॅँकँकँक महत्व達हरहर काका केर,0.0,0.0,0.0
